k,test_mse,test_mae,test_rmse,test_run_minutes
1,0.022093183670762597,0.07561939482689436,0.14863775990899014,1.726831388749027
4,0.021505644801823008,0.07448084613194762,0.1466480303373455,1.7192236585853
10,0.02142990071110543,0.07458179092161527,0.1463895512360955,1.7171038755526145
16,0.0214290838799689,0.07473509082225555,0.14638676128656206,1.7167238031475185
22,0.021426686154889647,0.07478584999023155,0.14637857136510674,1.7173794963979163
28,0.021417698629779065,0.07481390382516756,0.1463478685522241,1.7174503977177664
